INSERT INTO PERSON (ID, LOGIN, NAME, PASSWORD) VALUES ('6b9d1e811f634b889eb13f014e5b9b80', 'user1', 'User1 Name', '{bcrypt}$2a$04$BAUaxJWlQvDgRXitAT4jqudYMdtOWOleHq8roen1KVtybc.Q.QaJe');
INSERT INTO PERSON (ID, LOGIN, NAME, PASSWORD) VALUES ('9d20d40d2f344c2a9bab87ff5a5c9d81', 'user2', 'User2 Name', '{bcrypt}$2a$04$aSDHqRWTLATW0vKRFfXFP.8cfBM1EfX688Joxyoz2p9PPC8aazp2m');
INSERT INTO PERSON (ID, LOGIN, NAME, PASSWORD) VALUES ('973221a42c304a229743156311192406', 'admin1', 'Admin1 Name', '{bcrypt}$2a$04$gLlLByz4z7SDgy5sXg1LjOxUCKQHnt3KAYTpAvPS/gbM.wCYPWZ1O');

INSERT INTO ROLE (ID, NAME) VALUES ('9431ca3d5c144d89985dabb463384010', 'ROLE_USER');
INSERT INTO ROLE (ID, NAME) VALUES ('f9d16d7df7e044238cb4c53ef86b3c25', 'ROLE_ADMIN');

-- ROLE_USER
INSERT INTO PERSON_ROLE(PERSON_ID, ROLE_ID) VALUES ('6b9d1e811f634b889eb13f014e5b9b80', '9431ca3d5c144d89985dabb463384010');
INSERT INTO PERSON_ROLE(PERSON_ID, ROLE_ID) VALUES ('9d20d40d2f344c2a9bab87ff5a5c9d81', '9431ca3d5c144d89985dabb463384010');
-- ROLE_ADMIN
INSERT INTO PERSON_ROLE(PERSON_ID, ROLE_ID) VALUES ('973221a42c304a229743156311192406', 'f9d16d7df7e044238cb4c53ef86b3c25');

INSERT INTO TASK (ID, TITLE, DESCRIPTION, ASSIGNEE_ID) VALUES (random_uuid(), 'Read a book', 'Read a book before sleep.', '6b9d1e811f634b889eb13f014e5b9b80');
INSERT INTO TASK (ID, TITLE, DESCRIPTION, ASSIGNEE_ID) VALUES (random_uuid(), 'Clean workspace', 'Throw away garbage and clean things up.', '6b9d1e811f634b889eb13f014e5b9b80');
INSERT INTO TASK (ID, TITLE, DESCRIPTION, ASSIGNEE_ID) VALUES (random_uuid(), 'Foo', 'Bar', '9d20d40d2f344c2a9bab87ff5a5c9d81');
INSERT INTO TASK (ID, TITLE, DESCRIPTION, ASSIGNEE_ID) VALUES (random_uuid(), 'Repair car', 'Repair car', '9d20d40d2f344c2a9bab87ff5a5c9d81');